SampleID,Factor,Replicate,bamReads,ControlID,bamControl,Peaks,PeakCaller,Tissue,Condition
HOG1IP,1,HOG1IP,/srv/home/yagr0003/analysis_chipseq/bowtie2/SRR500622_S288C_aln_sorted.bam,YEPD,/srv/home/yagr0003/analysis_chipseq/bowtie2/SRR500630_S288C_aln_sorted.bam,/srv/home/yagr0003/analysis_chipseq/bowtie2/macs2_1/SRR-Hog1IP_mockIP_KCI_peaks.narrowPeak,bed,HOG1IP_YEPD,Condition1
HOG1IP,2,HOG1IP,/srv/home/yagr0003/analysis_chipseq/bowtie2/SRR500623_S288C_aln_sorted.bam,KCI,/srv/home/yagr0003/analysis_chipseq/bowtie2/SRR500631_S288C_aln_sorted.bam,/srv/home/yagr0003/analysis_chipseq/bowtie2/macs2_2/SRR-Hog1IP_mockIP_KCI_peaks.narrowPeak,bed,HOG1IP_KCI,Condition2


